feature,coef
diff_is_ev,0.0021673764520953906
diff_is_pp,0.005931486695470033
diff_is_sh,0.0009618414725479357
diff_is_ev_xg,0.12486448159376148
diff_is_goalie_gsax_on,0.0
